ID,Category,Vendor,Model,Serial,Description,Modules,ETAG,Last Cal Date,Next Cal Date,IP Address,Purchase Value,Year of Purchase,check,Location,Comments,uuid,delete_col
1,SCOPE,TEKTRONIX,TDS6804B,B010135,DIGITAL STORAGE OSCILLOSCOPE,,483898,6.8.2013,31.10.2014,,,,0,Retired,ISMP - traded for new scope (50GHz) - deleted,,sdfsd
2,FUNCTION/SIGNAL,HP/AGILENT,N6731B,MY43002723,DC POWER MODULE,,,6.8.2013,6.8.2014,,,,0,Retired,Waterfalled to FM - T&M ISM:1304002038,,sdfsd
3,FUNCTION/SIGNAL,HP/AGILENT,N6731B,MY43002726,DC POWER MODULE,,,6.8.2013,6.8.2014,,,,0,Retired,Waterfalled to FM - T&M ISM:1304002038,,
4,FUNCTION/SIGNAL,HP/AGILENT,N6731B,MY43002732,DC POWER MODULE,,,6.8.2013,6.8.2014,,,,0,Retired,Waterfalled to FM - T&M ISM:1304002038,,sdfsdfsdfsd
5,FUNCTION/SIGNAL,HP/AGILENT,N6731B,MY43002729,DC POWER MODULE,,,6.8.2013,6.8.2014,,,,0,Retired,Waterfalled to FM - T&M ISM:1304002038,,
6,FUNCTION/SIGNAL,HP/AGILENT,N6700B,MY43010661,LOW PROFILE MPS MAINFRAME,,,1.11.2012,1.11.2013,,,,0,Retired,Waterfalled to FM - T&M ISM:1304002038,,
7,DMM,HP/AGILENT,34401A,MY41045463,DIGIT MULTIMETER,,,8.8.2016,8.8.2017,,"3,000",<2015,1,Storeroom,,,
8,DMM,HP/AGILENT,34401A,MY45002387,DIGIT MULTIMETER,,,8.8.2016,8.8.2017,,"3,000",<2015,1,Storeroom,,,
9,POWER SUPPLY,HP/AGILENT,6632A,3524A11782,DC POWER SUPPLY,,,31.10.2012,,,,,0,Retired,Failed CV/CC load effect - old equipment - retire list,,
10,POWER SUPPLY,HP/AGILENT,6641A,MY40000481,DC POWER SUPPLY,,,25.6.2015,25.6.2015,,,,0,Retired,old equipment - retire list - moved to CCD,,
11,POWER SUPPLY,HP/AGILENT,E3640A,MY52150017,DC POWER SUPPLY,,,8.8.2016,8.8.2017,,"1,200",<2015,1,Storeroom,Sent to Gil ISM:1304178849,,
12,FUNCTION/SIGNAL,HP/AGILENT,33250A,MY40018268,80MHz Funcation/Arbitrary Waveform Generator,,484439,8.8.2016,8.8.2017,,,,0,bench 19,Donation for BIU,,
13,POWER SUPPLY,HP/AGILENT,E3640A,MY52140047,DC POWER SUPPLY,,,8.8.2016, 8.8.2017,,"1,200",<2015,1,Storeroom,Sent to Gil ISM:1304178849,,
14,POWER SUPPLY,HP/AGILENT,E3640A,MY40013848,DC POWER SUPPLY,,,8.8.2016, 8.8.2017,,"1,200",<2015,1,bench 7,,,
15,SCOPE,HP/AGILENT,DSA-X 92004A,MY50270129,DIGITAL SIGNAL ANALYZER,,484421,8.8.2016,8.8.2017,,,,0,Retired,Asset:200000698988? Moved to BA,,
16,POWER SUPPLY,HP/AGILENT,6641A,MY40000480,DC POWER SUPPLY,,,25.6.2015,25.6.2015,,,,0,Retired,"old equipment - retire list - sent to Shalmir, Ran JER8",,
17,FUNCTION/SIGNAL,HP/AGILENT,81134A,DE42800334,3.35 GHZ PULSE/PATTERN GENERATOR,,372808,8.8.2016,8.8.2017,,"25,000",<2015,1,bench 2,,,
18,DMM,HP/AGILENT,34401A,MY41045509,DIGIT MULTIMETER,,,8.8.2016, 8.8.2017,,"3,000",<2015,1,Storeroom,,,
19,SCOPE,TEKTRONIX,DSA8300,C010215,DIGITAL SERIAL ANALYZER,,484452,,,,"30,000",<2015,1,Scondery Lab,Sent to Tektronix for repair and clibration ISM:1305434853,,
20,FUNCTION/SIGNAL,TEKTRONIX,BSA175C,280748,17.5 Gb\s BIT ERROR RATIO ANALYZER,,,25.8.16,25.8.17,10.12.215.168,,,0,Retired,"Waterfalled to MX, Chavez Cuadras, Ricardo Usiel ISM: 1304658836 ",,
21,DMM,KITHLEY,2000,1252460,2000 MULTIMETER,,,8.8.2016,8.8.2017,,,,0,Retired,moved to CCD,,
22,Clock Gen,STANFORD RESEARCH SYSTEMS,CG635,2536,2.05 GHZ SYNTHSIZED CLOCK GENERATOR,,,8.8.2016,8.8.2017,,"4,000",<2015,1,bench 15,Left,,
23,SCOPE,TEKTRONIX,TDS5054B,B021082,DIGITAL PHOSPHOR OSCILLOSCOPE,,423648,6.8.2013,31.10.2014,,,,0,Retired,moved to CCD,,
24,DMM,FLUKE,175,92140556,TRUE RMS MULTIMETER,,,6.8.2013,30.10.2013,,250,<2015,1,Lab storage,,,
25,POWER SUPPLY,HP/AGILENT,6641A,3544A00392,DC POWER SUPPLY,,,25.6.2015,25.6.2015,,,,0,Retired,"old equipment - retire list - sent to Shalmir, Ran JER8",,
26,POWER SUPPLY,HP/AGILENT,6632A,2715A00549,DC POWER SUPPLY,,,6.8.2013,31.10.2014,,200,<2015,1,Storeroom,old equipment - retire list ,,
27,ANALYZER,HP/AGILENT,MXA N9020A,MY49100303,MXA SIGNAL ANALYZER,,454009,8.8.2016,8.8.2017,,"15,000",<2015,1,bench 27,,,
28,POWER SUPPLY,HP/AGILENT,E3640A,MY52140050,DC POWER SUPPLY,,,8.8.2016,8.8.2017,,"1,200",<2015,1,Haifa,,,
29,POWER SUPPLY,HP/AGILENT,E3640A,MY52140042,DC POWER SUPPLY,,,8.8.2016, 8.8.2017,,"1,200",<2015,1,bench 2,,,
30,SCOPE,TEKTRONIX,TDS784D,B021948,DIGITAL PHOSPHOR OSCILLOSCOPE,,271537,6.8.2013,31.10.2014,,,,0,Retired,"Old equipment sent to Shalmir, Ran JER8",,
31,DMM,HP/AGILENT,34401A,MY44006694,DIGIT MULTIMETER,,,8.8.2016,8.8.2017,,"3,000",<2015,1,Haifa,,,
32,DMM,HP/AGILENT,34401A,MY44006700,DIGIT MULTIMETER,,,8.8.2016,8.8.2017,,"3,000",<2015,1,Storeroom,,,
33,POWER SUPPLY,HP/AGILENT,E3640A,MY40006751,DC POWER SUPPLY,,,8.8.2016,8.8.2017,,"1,200",<2015,1,Haifa,Sent to Gil ISM:1304178849,,
34,DMM,HP/AGILENT,34401A,MY41045478,DIGIT MULTIMETER,,,8.8.2016,8.8.2017,,"3,000",<2015,1,Haifa,,,
35,DMM,HP/AGILENT,34401A,MY45002385,DIGIT MULTIMETER,,,8.8.2016,8.8.2017,,"3,000",<2015,1,bench 20,,,
36,PROBE,TEKTRONIX,80A03,B010334,PROBE INTERFACE MODULE,,484452,,,,"1,000",<2015,1,Storeroom,Old equipment,,
37,Source Meter,KITHLEY,2602A,1258510,SYSTEM SOURCEMETER,,,8.8.2016,8.8.2017,,,,0,Retired,Waterfalled for T&M request ISM:1303996506,,
38,DMM,KITHLEY,2000,1303481,2000 MULTIMETER,,,8.8.2016,8.8.2017,,,,0,Retired,moved to CCD,,
39,DMM,KITHLEY,2000,1252462,2000 MULTIMETER,,,8.8.2016,8.8.2017,,,,0,Retired,moved to CCD,,
40,DMM,KITHLEY,2000,1252463,2000 MULTIMETER,,,8.8.2016,8.8.2017,,,,0,Retired,moved to CCD,,
42,POWER SUPPLY,HP/AGILENT,E3640A,MY50460014,DC POWER SUPPLY,,,8.8.2016,8.8.2017,,"1,200",<2015,1,Storeroom,,,
43,POWER SUPPLY,HP/AGILENT,E3640A,MY40013838,DC POWER SUPPLY,,,8.8.2016, 8.8.2017,,"1,200",<2015,1,bench 28,,,
44,SCOPE,TEKTRONIX,DSA71254B,B110388,DIGITAL SERIAL ANALYZER,,483900,6.8.2013,31.10.2014,10.12.215.187,"35,000",<2015,1,bench 1,,,
45,ANALYZER,HP/AGILENT,N5230C,MY49000709,NETWORK ANALYZER,,454008,8.8.2016,8.8.2017,10.12.215.135,"35,000",<2015,1,bench 15,,,
46,FUNCTION/SIGNAL,HP/AGILENT,E4438C,MY47271737,250KHz-1GHz ESG-D Vector Signal Generator,,E625083,8.8.2016,8.8.2017,,"2,000",<2015,1,bench 3,,,
47,Clock Gen,HP/AGILENT,81110A,DE38700169,PULSE/PATTERN GENERATOR,,,20.6.2014,20.6.2017,,,,0,Retired,old equipment - retire list - moved to CCD,,
48,THERMAL TOOL,MECHANICAL DEVICES,MDTC485-2,12000034-1,FLEX-TC,,E559811,NO CAL NEEDED,NO CAL NEEDED,,,,0,Retired,moved to CCD,,
49,SCOPE,TEKTRONIX,TDS6604,B0010020,DIGITAL STORAGE OSCILLOSCOPE,,372472,6.8.2013,31.10.2014,,,,0,Retired,Moved to Ohad Yaffe (DCG),,
50,POWER SUPPLY,HP/AGILENT,6641A,MY40000479,DC POWER SUPPLY,,,25.6.2015,25.6.2015,,,,0,Retired,old equipment - retire list - moved to CCD,,
51,DMM,KITHLEY,2000,1308432,2000 MULTIMETER,,,8.8.2016,8.8.2017,,,,0,Retired,moved to CCD,,
52,DMM,KITHLEY,2000,1308433,2000 MULTIMETER,,,8.8.2016,8.8.2017,,,,0,Retired,moved to CCD,,
53,Source Meter,KITHLEY,2601,1127773,SYSTEM SOURCEMETER,,,6.8.2013,31.10.2014,,,,0,bench 7,Donation for BIU,,
54,POWER SUPPLY,HP/AGILENT,E3640A,MY50420045,DC POWER SUPPLY,,,8.8.2016, 8.8.2017,,"1,200",<2015,1,Haifa,Sent to GIL ISM:1304178849,,
55,POWER SUPPLY,HP/AGILENT,E3640A,MY50460004,DC POWER SUPPLY,,,8.8.2016, 8.8.2017,,"1,200",<2015,1,bench 10,,,
56,ANALYZER,HP/AGILENT,N4433A,MY46180563,"VNA ECal, Electronic Calibration Module, 300 kHz to 20 GHz, 3.5 mm, 4-port",,484442,15.2.2013,15.3.2017,,"22,000",<2015,1,bench 8,Sent for calibration in Keysight 30/5/2019 ISM:1304255758,,
57,PROBE,TEKTRONIX,TCA-1MEG,C020591,TEKCONNECT HIGH IMPEDANCE BUFFER AMPLIFIER,,,10.12.2011,,,"1,000",<2015,1,Storeroom,,,
58,POWER SUPPLY,HP/AGILENT,6641A,MY40000581,DC POWER SUPPLY,,,25.6.2015,25.6.2015,,,,0,Retired,old equipment - retire list - moved to CCD,,
59,ANALYZER,TEKTRONIX,TLA7012,B021307,LOGIC ANALYZER  PORTABLE MAINFRAME,"TLA7BB4, TLA7A4",484424,19.4.2010,,10.12.215.178,,,0,Retired,Waterfall to BA ISM:1304253661,,
60,POWER SUPPLY,HP/AGILENT,6641A,MY40000580,DC POWER SUPPLY,,,25.6.2015,25.6.2015,,,,0,Retired,old equipment - retire list - moved to CCD,,
61,POWER SUPPLY,HP/AGILENT,6632A,2715A00586,DC POWER SUPPLY,,,6.8.2013,31.10.2014,,200,<2015,1,Storeroom,old equipment - retire list ,,
62,POWER SUPPLY,HP/AGILENT,E3640A,MY40005839,DC POWER SUPPLY,,,8.8.2016, 8.8.2017,,"1,200",<2015,1,bench 4,,,
63,POWER SUPPLY,HP/AGILENT,E3640A,MY40005840,DC POWER SUPPLY,,,8.8.2016,8.8.2017,,"1,200",<2015,1,Haifa,,,
64,POWER SUPPLY,HP/AGILENT,E3640A,MY40013857,DC POWER SUPPLY,,,8.8.2016,8.8.2017,,"1,200",<2015,1,Storeroom,,,
65,POWER SUPPLY,HP/AGILENT,E3640A,MY50240056,DC POWER SUPPLY,,,8.8.2016, 8.8.2017,,"1,200",<2015,1,bench 29,,,
66,Source Meter,KITHLEY,6487,1115940,PICOAMMETER/VOLTAGE SOURCE,,484425,6.8.2013,31.10.2014,,"3,500",<2015,1,Storeroom,repaird and calibrated 10/3/2017 - Donation for BIU,,
67,DMM,KITHLEY,2000,1252461,2000 MULTIMETER,,,8.8.2016,8.8.2017,,,,0,Retired,moved to CCD,,
68,DMM,KITHLEY,2000,1239453,2000 MULTIMETER,,,8.8.2016,8.8.2017,,,,0,Retired,moved to CCD,,
69,DMM,KITHLEY,2000,1238455,2000 MULTIMETER,,,8.8.2016,8.8.2017,,,,0,Retired,moved to CCD,,
70,Clock Gen,HP/AGILENT,81130A,DE38A00885,PULSE/PATTERN GENERATOR,,372805,25.6.2015,25.6.2017,,,,0,Retired,old equipment - retire list - moved to CCD,,
71,SCOPE,TEKTRONIX,TDS754A,B011034,500MHz 2GS/s Oscilloscope,,271413,6.8.2013,31.10.2014,,,,0,Retired,"Old equipment sent to Shohat, GalX ISM:1303475445",,
72,Other,KITHLEY,595,535569,QUASISTATIC CV METER,,219166,,,,500,<2015,1,Storeroom,old equipment - retire list,,
73,ANALYZER,KITHLEY,590,534494,CV ANALYZER,,219163,,,,"5,000",<2015,1,Storeroom,old equipment - retire list,,
74,PROBE,HP/AGILENT,1142A,US34513868,PROBE CONTROL AND POWER MODULE,,,25.6.2015,25.6.2016,,100,<2015,1,Lab storage,,,
75,FUNCTION/SIGNAL,KITHLEY,5900-301-5,536246,Capacitance standard,,,NO CAL NEEDED,NO CAL NEEDED,,,,0,,Not found,,
76,FUNCTION/SIGNAL,KITHLEY,5900-301-6,536673,Capacitance standard,,,NO CAL NEEDED,NO CAL NEEDED,,,,0,,Not found,,
77,FUNCTION/SIGNAL,KITHLEY,5900-301-7,536678,Capacitance standard,,,NO CAL NEEDED,NO CAL NEEDED,,,,0,,Not found,,
78,FUNCTION/SIGNAL,KITHLEY,5900-301-8,536685,Capacitance standard,,,NO CAL NEEDED,NO CAL NEEDED,,,,0,,Not found,,
79,DMM,KITHLEY,2000,1247153,2000 MULTIMETER,,,8.8.2016,8.8.2017,,,,0,Retired,moved to CCD,,
80,FUNCTION/SIGNAL,HP/AGILENT,33522A,MY50000729,30 MHZ FUNCTION/ARBITARY WAVEFORE GENERATOR,,484439,8.8.2016,8.8.2017,,,,0,Retired,Moved to CCD,,
81,DMM,FLUKE,179,98860177,TRUE RMS MULTIMETER,,,30.10.2012,30.10.2013,,500,<2015,0,,Not found,,
82,ANALYZER,TEKTRONIX,TLA715,B031884,LOGIC ANALYZER,,429328,,,,,,0,Retired,broken and old -  Moved to CCD Lab,,
83,FUNCTION/SIGNAL,TEKTRONIX,CR286A,B171668,28.5 Gb\s CLOCK RECOVERY INSTRUMENT,,,15.1.16,15.1.17,,,,0,Retired,"Moved to Chavez Cuadras, Ricardo U ISM #1304628754",,
84,THERMAL TOOL,,MEDUSA-4,IZMED4DP6422003,MEDUSA-4,,484430,,,,,,0,,,,
85,POWER SUPPLY,HP/AGILENT,E3640A,MY50460010,DC POWER SUPPLY,,,8.8.2016, 8.8.2017,,"1,200",<2015,1,bench 2,Right,,
86,POWER SUPPLY,HP/AGILENT,E3640A,MY40013853,DC POWER SUPPLY,,,8.8.2016,8.8.2017,,"1,200",<2015,1,Storeroom,,,
87,Clock Gen,STANFORD RESEARCH SYSTEMS,CG635,1953,2.05GHz Synthesized Clock Generator,,484431,8.8.2016,8.8.2017,,"4,000",<2015,1,bench 26,,,
88,Clock Gen,STANFORD RESEARCH SYSTEMS,CG635,1952,2.05GHz Synthesized Clock Generator,,484433,8.8.2016,8.8.2017,,"4,000",<2015,1,bench 3,,,
89,Clock Gen,STANFORD RESEARCH SYSTEMS,CG635,2015,2.05GHz Synthesized Clock Generator,,484432,8.8.2016,8.8.2017,,"4,000",<2015,1,bench 1,,,
90,PROBE,TEKTRONIX,P7313SMA,B010299,DIFFERENTIAL SMA PROBE,,484447,2009,,,"1,500",<2015,1,Lidor,,,
91,ANALYZER,HP/AGILENT,53230A,MY50000684,Frequency counter,,484451,8.8.2016,8.8.2017,,"4,000",<2015,1,Haifa,,,
92,FUNCTION/SIGNAL,KITHLEY,6487,1115937,PICOAMMETER/VOLTAGE SOURCE,,484427,8.8.2016,8.8.2017,,"3,500",<2015,1,Storeroom,repaird and calibrated 26/2/2017 - Donation for BIU,,
93,DMM,HP/AGILENT,34401A,MY41045374,DIGIT MULTIMETER,,,8.8.2016,8.8.2017,,"3,000",<2015,1,Storeroom,,,
94,POWER SUPPLY,HP/AGILENT,E3640A,MY50460021,DC POWER SUPPLY,,,8.8.2016, 8.8.2017,,"1,200",<2015,1,bench 12,,,
95,Other,HP/AGILENT,3499A,MY42001071,SWITCH/CONTROL SYSTEM,,484443,,,,600,<2015,1,Storeroom,,,
96,SCOPE,TEKTRONIX,DSA72004C,B110394,DIGITAL SERIAL ANALYZER,,E625094,05/08/2013,31/10/2014,,"40,000",<2015,1,bench 11,LUMA Installed,,
97,FUNCTION/SIGNAL,HP/AGILENT,N6731B,MY43002724,DC POWER MODULE,,,6.8.2013,6.8.2014,,,,0,Retired,Waterfalled to FM - T&M ISM:1304002038,,
98,FUNCTION/SIGNAL,HP/AGILENT,N6731B,MY43002725,DC POWER MODULE,,,6.8.2013,6.8.2014,,,,0,Retired,Waterfalled to FM - T&M ISM:1304002038,,
99,FUNCTION/SIGNAL,HP/AGILENT,N6731B,MY43002728,DC POWER MODULE,,,6.8.2013,6.8.2014,,,,0,Retired,Waterfalled to FM - T&M ISM:1304002038,,
100,FUNCTION/SIGNAL,HP/AGILENT,N6731B,MY43002727,DC POWER MODULE,,,6.8.2013,6.8.2014,,,,0,Retired,Waterfalled to FM - T&M ISM:1304002038,,
101,FUNCTION/SIGNAL,HP/AGILENT,N6700B,MY43010667,LOW PROFILE MPS MAINFRAME,,,5.8.2013,30.10.2014,,,,0,Retired,Waterfalled to FM - T&M ISM:1304002038,,
102,FUNCTION/SIGNAL,HP/AGILENT,N6731B,MY43002730,DC POWER MODULE,,,6.8.2013,6.8.2014,,,,0,Retired,Waterfalled to FM - T&M ISM:1304002038,,
103,FUNCTION/SIGNAL,HP/AGILENT,N6731B,MY43002721,DC POWER MODULE,,,6.8.2013,6.8.2014,,,,0,Retired,Waterfalled to FM - T&M ISM:1304002038,,
104,FUNCTION/SIGNAL,HP/AGILENT,N6731B,MY43002722,DC POWER MODULE,,,6.8.2013,6.8.2014,,,,0,Retired,Waterfalled to FM - T&M ISM:1304002038,,
105,FUNCTION/SIGNAL,HP/AGILENT,N6731B,MY43002731,DC POWER MODULE,,,6.8.2013,6.8.2014,,,,0,Retired,Waterfalled to FM - T&M ISM:1304002038,,
106,FUNCTION/SIGNAL,HP/AGILENT,N6700B,MY43010666,LOW PROFILE MPS MAINFRAME,,,5.8.2013,30.10.2014,,,,0,Retired,Waterfalled to FM - T&M ISM:1304002038,,
107,POWER SUPPLY,HP/AGILENT,6641A,MY3634A00466,DC POWER SUPPLY,,,25.6.2015,25.6.2015,,,,0,Retired,"old equipment - retire list - sent to Shalmir, Ran JER8",,
108,Other,HP/AGILENT,N8990C R47,MY48110127,TWIN 1x24 TERMINATED SWITCH MATRIX,,,,,,,,0,Retired,Waterfall to K.H Malysia ISM:1304167577,,
109,PROBE,TEKTRONIX,P7313SMA,B01025252,DIFFERENTIAL SMA PROBE,,484446,,,,"2,500",<2015,1,Storeroom,,,
110,SCOPE,WAVECREST,SIA-4000D,3.00E+14,SIGNAL INTEGRITY ANALYZER,,484420,,,,,,0,,Not found - traded in a deal,,
111,FUNCTION/SIGNAL,HP/AGILENT,81134A,DE42800871,3.35 GHZ PULSE/PATTERN GENERATOR,,484449,8.8.2016,8.8.2017,,"25,000",<2015,1,bench 4,Calbirated until NOV/2017,,
113,FUNCTION/SIGNAL,HP/AGILENT,E4430B,US40050404,250KHz-1GHz ESG-D Vector Signal Generator,,,1.11.2012,1.11.2014,,"1,500",<2015,1,Storeroom,Old equipment - retire list,,
114,FUNCTION/SIGNAL,INSTEK,LCR-816,D201637,LCR-816 LCR METER,,484437,6.8.2013,31.10.2014,,"1,000",<2015,1,Storeroom,old equipment - retire list,,
115,POWER SUPPLY,HP/AGILENT,E3640A,MY40013855,DC POWER SUPPLY,,,8.8.2016,8.8.2017,,"1,200",<2015,1,Storeroom,,,
116,Clock Gen,KITHLEY,3390,1221471,50MHz Arbitrary Waveform Generator,,484440,6.8.2013,31.10.2014,,,,0,Retired,Moved to CCD,,
117,PROBE,TEKTRONIX,P7513A,B010147,TRIMODE PROBE,,483902,6.5.2009,,,"4,000",<2015,1,Lab storage,,,
118,PROBE,HP/AGILENT,N2803A,US52392335,20 GHZ PROBE SYSTEM,,484419,8.8.2016,8.8.2017,,"11,000",<2015,1,Lab storage,,,
119,PROBE,TEKTRONIX,P7520,B011158,TRIMODE PROBE,,484450,BROKEN,BROKEN,,"2,500",<2015,1,Storeroom,broken ???,,
120,PROBE,TEKTRONIX,P7520,B010292,TRIMODE PROBE,,483901,19.5.2009,,,"2,500",<2015,1,Storeroom,,,
121,PROBE,HP/AGILENT,N2803A,US52392336,20 GHZ PROBE SYSTEM,,484418,8.8.2016,8.8.2017,,"11,000",<2015,1,Lab storage,,,
122,PROBE,TEKTRONIX,TCA-1MEG,C020593,HIGH IMPEDANCE BUFFER AMPLIFIER,,,,,,"1,500",<2015,1,Storeroom,,,
123,PROBE,TEKTRONIX,TCA-1MEG,C020396,HIGH IMPEDANCE BUFFER AMPLIFIER,,,,,,"1,500",<2015,1,Storeroom,,,
124,PROBE,TEKTRONIX,P7380A,,DIFFERENTIAL PROBE TEKCONNECT,,484445,,,,"2,500",<2015,1,Storeroom,,,
125,PROBE,TEKTRONIX,,,,,,,,,,,0,Storeroom,,,
127,DMM,FLUKE,175,91170737,TRUE RMS MULTIMETER,,,8.8.2016,8.8.2017,,250,<2015,1,bench 4,,,
128,DMM,FLUKE,179,9806018,TRUE RMS MULTIMETER,,,6.8.2013,31.10.2014,,500,<2015,0,,Not found,,
129,DMM,FLUKE,77,56690047,SERIES II MULTIMETER,,,6.8.2013,6.8.2014,,250,<2015,1,Lab storage,bad battery,,
131,FUNCTION/SIGNAL,FLUKE,LCR-814,40703010021,LCR-814 LCR METER,,,8.8.2016,8.8.2017,,"2,500",<2015,1,Lab storage,,,
132,PROBE,HP/AGILENT,1141A,US34513080,DIFFERNTIAL PROBE,,,6.8.2013,6.8.2014,,"1,000",<2015,1,Lab storage,Not found,,
133,PROBE,HP/AGILENT,E2697A,MY43001107,HIGH IMPEDANCE ADAPTER,,,6.8.2013,6.8.2014,,,,0,,Not found,,
134,PROBE,HP/AGILENT,E2697A,,HIGH IMPEDANCE ADAPTER,,,8.8.2016,8.8.2017,,"1,500",<2015,1,Lab storage,,,
135,PROBE,HP/AGILENT,E2697A,,HIGH IMPEDANCE ADAPTER,,,8.8.2016,8.8.2017,,"1,500",<2015,1,Lab storage,,,
136,PROBE,HP/AGILENT,1132A,,PROBE SYSTEM,,,8.8.2016,8.8.2017,,"2,000",<2015,1,Lab storage,,,
137,PROBE,HP/AGILENT,54701A,US34513204,ACTIVE PROBE,,,,,,,,0,,Not found,,
138,PROBE,HP/AGILENT,54701A,US34513592,ACTIVE PROBE,,,,,,,,0,,Not found,,
139,SOLDER,METCAL,MX-PS5000,5935,SOLDERING SYSTEM,,484434,5.8.2013,31.10.2014,,,,0,Daniel,not in agreement???,,
140,SOLDER,METCAL,MX-PS5000,6028,SOLDERING SYSTEM,,484435,NOT IN AGREE,NOT IN AGREE,,,,0,,Not found,,
141,Clock Gen,HOLZWORTH,HSM1001A,360,1GHZ RF SYNTHESIZER,,E605392,,,,"16,000",<2015,1,Lab storage,IN CALIBRATION - KEYSGIHT  3001026467,,
142,Clock Gen,HOLZWORTH,HSM1001A,361,1GHZ RF SYNTHESIZER,,E605392,,,,"16,000",<2015,1,Lab storage,3001026467,,
143,Clock Gen,HOLZWORTH,HSM1001A,362,1GHZ RF SYNTHESIZER,,E605392,,,,"16,000",<2015,1,Lab storage,IN CALIBRATION - KEYSGIHT  3001026467,,
144,ANALYZER,TEKTRONIX,TLA7AA4,B012392,136 CHANNEL LA MODULE,,484435,,,,,,0,Retired,Waterfall to BA ISM:1304253661,,
145,ANALYZER,TEKTRONIX,TLA7AC4,B010144,8GHZ TIMING,,484429,15.4.2012,,,,,0,Retired,Waterfall to BA ISM:1304253661,,
146,DMM,HP/AGILENT,34401A,MY47057977,DIGIT MULTIMETER,,,8.8.2016,8.8.2017,,"3,000",<2015,1,Haifa,marked green manually- Nirel,,
147,DMM,HP/AGILENT,34401A,MY47057733,DIGIT MULTIMETER,,,8.8.2016,8.8.2017,,"3,000",<2015,1,Haifa,,,
148,DMM,HP/AGILENT,34401A,MY47057954,DIGIT MULTIMETER,,,8.8.2016,8.8.2017,,"3,000",<2015,1,Haifa,,,
149,DMM,HP/AGILENT,34401A,MY47057937,DIGIT MULTIMETER,,,8.8.2016,8.8.2017,,"3,000",<2015,1,Haifa,,,
150,DMM,HP/AGILENT,34401A,MY47058077,DIGIT MULTIMETER,,,8.8.2016,8.8.2017,,"3,000",<2015,1,bench 20,,,
151,FUNCTION/SIGNAL,HP/AGILENT,335522A,MY50003778,30 MHZ FUNCTION/ARBITARY GENERATOR,,,8.8.2016,8.8.2017,,"5,000",<2015,1,Storeroom,Right,,
152,SCOPE,TEKTRONIX,DPP125B,B240586,DPP125B BERTSCOPE,,,,,,,,0,Retired,Traded for Anritsu Bert,,
153,Other,Noisecom,J9010,AB-321,PROGRAMMABLE NOISE GENERATOR,,E559802,,2014,10.12.215.186,"35,000",<2015,1,bench 25,sent for repair on 3.1.2014 ISM:1303105306 - Back from repair,,
154,ANALYZER,HP/AGILENT,E5052B,MY47201594,10MHZ-7GHZ SIGNAL SOURCE ANALYZER,,E559807,8.8.2016,8.8.2017,,"75,000",<2015,1,bench 4,,,
155,PROBE,HP/AGILENT,N2803A,US52932580,25GHZ PROBE SYSTEM,,,25.6.2015,25.6.2016,,"12,000",<2015,1,Lab storage,not in the agreement,,
156,PROBE,HP/AGILENT,N2803A,US52392348,30GHZ PROBE SYSTEM,,E559810,8.8.2016,8.8.2017,,"13,000",<2015,1,Lab storage,,,
157,PROBE,HP/AGILENT,N2803A,US52392345,30GHZ PROBE SYSTEM,,E559809,8.8.2016,8.8.2017,,"13,000",<2015,1,Lab storage,,,
158,PROBE,HP/AGILENT,N2803A,US552932528,25GHZ PROBE SYSTEM,,,25.6.2015,25.6.2016,,"12,000",<2015,1,Lab storage,not in the agreement,,
159,Other,HP/AGILENT,N4692-60003,MY52230068,10MHz-40GHz ECAL,,E559808,,2014,,"20,000",<2015,1,Haifa,Sent for calibration in Keysight 30/5/2019 ISM:1304255758,,
160,ANALYZER,HP/AGILENT,N5224A,MY51441282,PNA NETWORK ANALYZER,,E516249,8.8.2016,8.8.2017,10.12.215.134,,,0,Retired,Upgraded to 110GHz,,
161,SCOPE,HP/AGILENT,DSA-X 93304Q,MY53130103,DIGITAL SERIAL ANALYZER ,,,14.6.2016,14.6.2017,,,,0,Retired,Waterfalled to FM ISM:1304628750,,
162,ANALYZER,HP/AGILENT,16901A,MY53060110,LOGIC ANALYSIS SYSTEM,"2 MODULES-16962A,",E559806,8.8.2016,8.8.2017,10.12.215.222,"25,000",<2015,1,bench 13,"2 MODULES-16962A,",,
163,PROBE,HP/AGILENT,N5439A,US50070976,INFINIIMAX III ZIF PROBE HEAD,,,,2014,,"6,000",<2015,1,Lab storage,,,
164,PROBE,HP/AGILENT,N5439A,US50070971,INFINIIMAX III ZIF PROBE HEAD,,,,2014,,"6,000",<2015,1,Lab storage,,,
165,PROBE,HP/AGILENT,N2836A,US52080180,INFINIIMAX III 26 GHz SOLDER-IN PROBE HEAD,,,,2014,,"7,000",<2015,1,Lab storage,not in the agreement,,
166,PROBE,HP/AGILENT,N2836A,US52080155,INFINIIMAX III 26 GHz SOLDER-IN PROBE HEAD,,,,2014,,"7,000",<2015,1,Lab storage,not in the agreement,,
167,Other,KITHLEY,2701,4018657,ETHERNET MULTUMETER/DATA ACQUISITION SYSTEM,,,8.8.2016,8.8.2017,,,,0,Retired,Moved to CCD,,
168,Other,KITHLEY,2700,4010984,MULTUMETER/DATA ACQUISITION SYSTEM,,,8.8.2016,8.8.2017,,,,0,Retired,Moved to CCD,,
169,Clock Gen,KITHLEY,3390,1373552,50MHz Arbitrary Waveform Generator,,,6.8.2013,31.10.2014,,,,0,Storeroom,"Waterfalled to Hughes, Austin <austin.hughes@intel.com> ISM:1305158521",,
170,Source Meter,KITHLEY,2602B,4017455,SYSTEM SOURCEMETER,,E559814,8.8.2016,8.8.2017,,,,0,Retired,Waterfalled for T&M request ISM:1303834549,,
171,THERMAL TOOL,MECHANICAL DEVICES,MDTC485-2,13000086-2,FLEX-TC,,,,2014,10.12.215.206,,,0,Retired,Traded for a MaxTC,,
172,THERMAL TOOL,MECHANICAL DEVICES,MDTC485-2,13000086-1,FLEX-TC,,E559812,,2014,10.12.215.188,,,0,Retired,moved to CCD,,
173,SCOPE,HP/AGILENT,DSO-X 3034A,MY53160272,Digital Storage Oscilloscope,,E625091,8.8.2016,8.8.2017,,"12,000",<2015,1,bench 23,,,
174,THERMAL TOOL,MECHANICAL DEVICES,MDTC485-2,13000086-3,FLEX-TC,,E559813,,2014,10.12.215.200,,,0,Retired,moved to CCD,,
175,THERMAL TOOL,MECHANICAL DEVICES,MDTC485-2,13000086-4,FLEX-TC,,,,2014,10.12.215.201,,,0,Retired,Traded for a MaxTC,,
176,DMM,KITHLEY,2110-240 GPIB,1407364,DIGIT MULTIMETER,,,8.8.2016,8.8.2017,,,,0,Retired,Not found,,
177,DMM,KITHLEY,2110-240 GPIB,1415298,DIGIT MULTIMETER,,,8.8.2016,8.8.2017,,,,0,bench 18,Not found,,
178,DMM,KITHLEY,2110-240 GPIB,1415316,DIGIT MULTIMETER,,,8.8.2016,8.8.2017,,"1,500",<2015,1,bench 19,,,
179,DMM,KITHLEY,2110-240 GPIB,1415364,DIGIT MULTIMETER,,,8.8.2016,8.8.2017,,"1,500",<2015,1,bench 18,,,
180,DMM,KITHLEY,2110-240 GPIB,1415279,DIGIT MULTIMETER,,,8.8.2016,8.8.2017,,"1,500",<2015,1,bench 19,,,
181,DMM,KITHLEY,2110-240 GPIB,1415301,DIGIT MULTIMETER,,,8.8.2016,8.8.2017,,"1,500",<2015,1,bench 18,,,
182,DMM,KITHLEY,2110-240 GPIB,1415319,DIGIT MULTIMETER,,,8.8.2016,8.8.2017,,"1,500",<2015,1,bench 19,,,
183,DMM,KITHLEY,2110-240 GPIB,1415376,DIGIT MULTIMETER,,,8.8.2016,8.8.2017,,"1,500",<2015,1,bench 19,,,
184,DMM,KITHLEY,2110-240 GPIB,1415289,DIGIT MULTIMETER,,,8.8.2016,8.8.2017,,"1,500",<2015,1,bench 18,,,
185,DMM,KITHLEY,2110-240 GPIB,1415302,DIGIT MULTIMETER,,,8.8.2016,8.8.2017,,,,0,bench 19,Not found,,
186,DMM,KITHLEY,2110-240 GPIB,1415321,DIGIT MULTIMETER,,,8.8.2016,8.8.2017,,"1,500",<2015,1,bench 18,,,
187,DMM,KITHLEY,2110-240 GPIB,1415291,DIGIT MULTIMETER,,,8.8.2016,8.8.2017,,"1,500",<2015,1,bench 18,,,
188,DMM,KITHLEY,2110-240 GPIB,1415305,DIGIT MULTIMETER,,,8.8.2016,8.8.2017,,,,0,bench 19,Not found,,
189,DMM,KITHLEY,2110-240 GPIB,1415322,DIGIT MULTIMETER,,,8.8.2016,8.8.2017,,"1,500",<2015,1,bench 19,,,
190,POWER SUPPLY,KITHLEY,2200-30-5,1358435,DC POWER SUPPLY,,,8.8.2016,8.8.2017,,,,0,Retired,Moved to Guy Greenwald CCD,,
191,POWER SUPPLY,KITHLEY,2200-30-5,1358519,DC POWER SUPPLY,,,,2014,,,,0,Retired,Moved to Guy Greenwald CCD,,
192,DMM,KITHLEY,2110-240 GPIB,1407319,DIGIT MULTIMETER,,,8.8.2016,8.8.2017,,"1,500",<2015,1,bench 18,,,
193,Clock Gen,HP/AGILENT,N5183A,MY50142233,MXG ANALOG MICROWAVE SIGNAL GENERATOR,,E559805,8.8.2016,8.8.2017,10.12.215.207,"30,000",2015,1,bench 19,,,
194,Clock Gen,HP/AGILENT,N5183A,MY50142232,MXG ANALOG MICROWAVE SIGNAL GENERATOR,,E559804,8.8.2016,8.8.2017,10.12.215.208,"30,000",2015,1,in repair,Sent for repair ISM 1304197891 20/3/19,,
195,POWER SUPPLY,KITHLEY,2200-30-5,9060086,DC POWER SUPPLY,,,8.8.2016,8.8.2017,,,,0,Retired,Moved to Guy Greenwald CCD,,
196,POWER SUPPLY,KITHLEY,2200-30-5,1358793,DC POWER SUPPLY,,,8.8.2016,8.8.2017,,,,0,Retired,Moved to Guy Greenwald CCD,,
197,POWER SUPPLY,KITHLEY,2200-30-5,9060090,DC POWER SUPPLY,,,8.8.2016,8.8.2017,,"1,800",<2015,1,bench 28,,,
198,POWER SUPPLY,KITHLEY,2200-30-5,9060085,DC POWER SUPPLY,,,26.6.2013,2014,,"1,800",<2015,1,bench 23,,,
199,POWER SUPPLY,KITHLEY,2200-30-5,9060083,DC POWER SUPPLY,,,8.8.2016,8.8.2017,,,,0,Retired,Moved to Guy Greenwald CCD,,
200,POWER SUPPLY,KITHLEY,2200-30-5,9060084,DC POWER SUPPLY,,,8.8.2016,8.8.2017,,,,0,Retired,Moved to Guy Greenwald CCD,,
201,POWER SUPPLY,KITHLEY,2200-30-5,9060082,DC POWER SUPPLY,,,8.8.2016,8.8.2017,,"1,800",<2015,1,bench 2,,,
202,POWER SUPPLY,KITHLEY,2200-30-5,9060091,DC POWER SUPPLY,,,8.8.2016,8.8.2017,,,,0,Retired,Moved to Guy Greenwald CCD,,
203,POWER SUPPLY,KITHLEY,2200-30-5,9060089,DC POWER SUPPLY,,,8.8.2016,8.8.2017,,,,0,Retired,Moved to Guy Greenwald CCD,,
204,POWER SUPPLY,KITHLEY,2200-30-5,9060093,DC POWER SUPPLY,,,8.8.2016,8.8.2017,,,,0,Retired,Moved to Guy Greenwald CCD,,
205,POWER SUPPLY,KITHLEY,2200-30-5,9060092,DC POWER SUPPLY,,,8.8.2016,8.8.2017,,,,0,Retired,Moved to Guy Greenwald CCD,,
206,POWER SUPPLY,KITHLEY,2200-30-5,9060081,DC POWER SUPPLY,,,8.8.2016,8.8.2017,,,,0,Retired,Moved to Guy Greenwald CCD,,
207,POWER SUPPLY,KITHLEY,2200-30-5,9060088,DC POWER SUPPLY,,,8.8.2016,8.8.2017,,,,0,Retired,Moved to Guy Greenwald CCD,,
208,POWER SUPPLY,KITHLEY,2200-30-5,9060087,DC POWER SUPPLY,,,8.8.2016,8.8.2017,,,,0,Retired,Moved to Guy Greenwald CCD,,
209,Clock Gen,HOLZWORTH,HSM1001A,595,1GHZ RF SYNTHESIZER,,E605392,,,,"16,000",<2015,1,Lab storage,3001026467,,
210,Clock Gen,HOLZWORTH,HSM1001A,596,1GHZ RF SYNTHESIZER,,E605392,,,,"16,000",<2015,1,Lab storage,3001026467,,
211,Clock Gen,HOLZWORTH,HSM1001A,598,1GHZ RF SYNTHESIZER,,E605392,,,,"16,000",<2015,1,Haifa,Sent to Haifa foe FIB (Ynon/Gil) - ISM #1304180892 3001026467,,
212,Clock Gen,HOLZWORTH,HSM1001A,599,1GHZ RF SYNTHESIZER,,E605392,,,,"16,000",<2015,1,Lab storage,3001026467,,
213,Clock Gen,HOLZWORTH,HSM1001A,600,1GHZ RF SYNTHESIZER,,E605392,,,,"16,000",<2015,1,Haifa,3001026467,,
214,Clock Gen,HOLZWORTH,HSM1001A,601,1GHZ RF SYNTHESIZER,,E605392,,,,"16,000",<2015,1,Haifa,3001026467,,
215,Clock Gen,HOLZWORTH,HSM1001A,602,1GHZ RF SYNTHESIZER,,E605392,,,10.12.215.221,"16,000",<2015,1,Lab storage,3001026467,,
216,Clock Gen,STANFORD RESEARCH SYSTEMS,CG635,2804,2.05GHz Synthesized Clock Generator,,,8.8.2016,8.8.2017,,"4,000",<2015,1,bench 28,,,
217,Clock Gen,STANFORD RESEARCH SYSTEMS,CG635,2795,2.05GHz Synthesized Clock Generator,,,8.8.2016,8.8.2017,,"4,000",<2015,1,bench 2,,,
218,Clock Gen,GIGATRONICS,8000-L-86TR26,1300413,"ASSY, LAN,M/W,8,T-ST6T,26GHz - GIGATRONICS ",,E484428,,,,"35,000",<2015,1,bench 19,3000805207,,
219,SCOPE,HP/AGILENT,DSA-X 93304Q,MY53300102,DIGITAL SERIAL ANALYZER ,,,30.6.2016,30.6.2017,10.12.215.216,,,0,Retired,Waterfalled to BA ISM:1304279477 asset:200000936275,,
220,SCOPE,HP/AGILENT,DSO-X 3034A,MY53280202,4 CHANNEL 350MHz OSCILLOSCOPE,,E625092,8.8.2016,8.8.2017,,"12,000",<2015,1,bench 26,,,
221,Clock Gen,GIGATRONICS,8000-L-86TR40,1300113,"ASSY, LAN,M/W,4,T-SP6T,40GHz - GIGATRONICS ",,E484423,,,10.12.215.217,"35,000",<2015,1,bench 17,PO:3000805207,,
222,FUNCTION/SIGNAL,TEKTRONIX,BSA175C,280709,bertscope 17.5 Gb/sBit Error Ratio Analyzer,,E559832,12.1.16,12.1.17,,,,0,Retired,"Waterfalled to MX, Chavez Cuadras, Ricardo Usiel ISM: 1304658836 ",,
223,FUNCTION/SIGNAL,TEKTRONIX,DPP125C,B010102,12.5 Gb/s 3Tap Digital Pre-Emphasis Processor,,E559832,12.9.16,12.9.17,,,,0,Retired,"Previously DPP125B S/N:B240523 - Retired in the ISMP, Waterfalled to MX, Chavez Cuadras, Ricardo Usiel ISM: 1304658836 ",,
224,FUNCTION/SIGNAL,Noisecom,J9022,AB754,programmABLE jitter GENERATOR,,E605389,10.2.2013,10.2.2014,,"35,000",<2015,1,bench 16,,,
225,THERMAL TOOL,,MEDUSA-IV-8,IZMED8DP3445009,MEDUSA-IV-8,,,,,,,,0,,Sset for repair to the us 12.3.15 ISM:1303117562,,
226,THERMAL TOOL,,MEDUSA-IV-8,IZMED8DP3496006,MEDUSA-IV-8,,,,,,,,0,,Not found,,
227,DMM,KITHLEY,2110,1420531,2110 5 1/2 DIGIT MULTIMETER,,,8.8.2016,8.8.2017,,"1,500",<2015,1,bench 19,,,
228,DMM,KITHLEY,2110,1420723,2111 5 1/2 DIGIT MULTIMETER,,,8.8.2016,8.8.2017,,"1,500",<2015,1,bench 19,,,
229,DMM,KITHLEY,2110,1420524,2112 5 1/2 DIGIT MULTIMETER,,,8.8.2016,8.8.2017,,"1,500",<2015,1,bench 18,,,
230,DMM,KITHLEY,2110,1420520,2113 5 1/2 DIGIT MULTIMETER,,,8.8.2016,8.8.2017,,,,0,bench 20,Not found,,
231,FUNCTION/SIGNAL,KITHLEY,3390,1415684,3390 50MHz ARBITARY WAVEFORM GENERATOR,,,,,,,,0,Retired,Moved to CCD,,
232,POWER SUPPLY,KITHLEY,2200-20-5,9050186,"Programmable power supply 20V, 5A",,,8.8.2016,8.8.2017,,"1,500",<2015,1,bench 5,,,
233,POWER SUPPLY,KITHLEY,2200-20-5,9050185,"Programmable power supply 20V, 5A",,,8.8.2016,8.8.2017,,"1,500",<2015,1,Storeroom,,,
234,POWER SUPPLY,KITHLEY,2200-20-5,9050183,"Programmable power supply 20V, 5A",,,8.8.2016,8.8.2017,,,,0,Retired,Not found,,
235,POWER SUPPLY,KITHLEY,2200-20-5,9050188,"Programmable power supply 20V, 5A",,,,,,,,0,Retired,Not found,,
236,POWER SUPPLY,KITHLEY,2200-20-5,9050184,"Programmable power supply 20V, 5A",,,8.8.2016,8.8.2017,,"1,500",<2015,1,bench 20,,,
237,POWER SUPPLY,KITHLEY,2200-20-5,9050187,"Programmable power supply 20V, 5A",,,,,,"1,500",<2015,1,Storeroom,,,
238,POWER SUPPLY,KITHLEY,2200-20-5,9050189,"Programmable power supply 20V, 5A",,,8.8.2016,8.8.2017,,,,0,Retired,Not found,,
239,POWER SUPPLY,KITHLEY,2200-20-5,9050192,"Programmable power supply 20V, 5A",,,8.8.2016,8.8.2017,,"1,500",<2015,1,bench 3,,,
240,POWER SUPPLY,KITHLEY,2200-20-5,9050191,"Programmable power supply 20V, 5A",,,8.8.2016,8.8.2017,,"1,500",<2015,1,bench 26,,,
241,FUNCTION/SIGNAL,KITHLEY,3390,1415691,3390 50MHz ARBITARY WAVEFORM GENERATOR,,,8.8.2016,8.8.2017,,,,0,Retired,Moved to CCD,,
242,FUNCTION/SIGNAL,KITHLEY,3390,1415689,3390 50MHz ARBITARY WAVEFORM GENERATOR,,,,,,,,0,Storeroom,Left - Donation for BIU,,
243,DMM,KITHLEY,2110,1421266,2110 5 1/2 DIGIT MULTIMETER,,,8.8.2016,8.8.2017,,"1,500",<2015,1,bench 13,,,
244,DMM,KITHLEY,2110,1421262,2110 5 1/2 DIGIT MULTIMETER,,,8.8.2016,8.8.2017,,,,0,Retired,Moved to Guy Greenwald CCD,,
245,DMM,KITHLEY,2110,1416158,2110 5 1/2 DIGIT MULTIMETER,,,8.8.2016,8.8.2017,,"1,500",<2015,1,bench 7,Moved to Guy Greenwald CCD,,
246,DMM,KITHLEY,2110,1421484,2110 5 1/2 DIGIT MULTIMETER,,,8.8.2016,8.8.2017,,,,0,bench 20,Not found,,
247,POWER SUPPLY,KITHLEY,2200-20-5,9050211,"Programmable power supply 20V, 5A",,,8.8.2016,8.8.2017,,,,0,Retired,Not found,,
248,POWER SUPPLY,KITHLEY,2200-20-5,9050215,"Programmable power supply 20V, 5A",,,8.8.2016,8.8.2017,,,,0,Retired,Moved to Guy Greenwald CCD,,
249,POWER SUPPLY,KITHLEY,2200-20-5,9050212,"Programmable power supply 20V, 5A",,,8.8.2016,8.8.2017,,"1,500",<2015,1,Haifa,,,
250,POWER SUPPLY,KITHLEY,2200-20-5,9102202,"Programmable power supply 20V, 5A",,,,,,,,0,Retired,Not found,,
251,POWER SUPPLY,KITHLEY,2200-20-5,9050214,"Programmable power supply 20V, 5A",,,8.8.2016,8.8.2017,,"1,500",<2015,1,bench 20,,,
252,POWER SUPPLY,KITHLEY,2200-20-5,9050216,"Programmable power supply 20V, 5A",,,8.8.2016,8.8.2017,,"1,500",<2015,1,bench 28,,,
253,SOURCE METER,HP/AGILENT,B2902A,MY51141086,PRECISION SOURCE/MEASURE UNIT,,E559800,8.8.2016,8.8.2017,,"5,000",<2015,1,bench 16,,,
254,SOURCE METER,HP/AGILENT,B2902A,MY51141087,PRECISION SOURCE/MEASURE UNIT,,E559801,8.8.2016,8.8.2017,,"5,000",<2015,1,bench 5,,,
255,PROBE,HP/AGILENT,N5449A,MY54080613,High Impedance Adapter,,,8.8.2016,8.8.2017,,"2,300",2020,1,Lab storage,,,
256,PROBE,HP/AGILENT,N5449A,MY54130618,High Impedance Adapter,,,8.8.2016,8.8.2017,,"2,300",2020,1,Lab storage,,,
257,Clock Gen,HOLZWORTH,HSM1001A,700,1GHZ RF SYNTHESIZER,,E605392,,,,"16,000",2015,1,Haifa,3001026467,,
258,Clock Gen,HOLZWORTH,HSM1001A,701,1GHZ RF SYNTHESIZER,,E605392,,,,"16,000",2015,1,Haifa,3001026467,,
259,Clock Gen,HOLZWORTH,HSM1001A,702,1GHZ RF SYNTHESIZER,,E605392,,,,"16,000",2015,1,Lab storage,3001026467,,
260,Other,TEKTRONIX,DPP125B,B240577,12.5 Gb/s  Digital Pre-Emphasis Processor,,,11.3.2014,11.3.2015,,,,0,Retired,"Waterfalled to MX, Chavez Cuadras, Ricardo Usiel ISM: 1304658836 ",,
261,ANALYZER,TEKTRONIX,BSA260C,280728,26.0 Gb/s BIT ERROR RATIO ANALYZER,,E559799,4.4.16,4.4.17,,,,0,Retired,"Waterfalled to MX, Chavez Cuadras, Ricardo Usiel ISM: 1304658836 ",,
262,DMM,FLUKE,179,26850128,TRUE RMS MULTIMETER,,,,,,500,2015,1,Haifa,,,
263,DMM,FLUKE,179,26850126,TRUE RMS MULTIMETER,,,8.8.2016,8.8.2017,,500,2015,1,Haifa,,,
264,DMM,FLUKE,179,26850129,TRUE RMS MULTIMETER,,,8.8.2016,8.8.2017,,500,2015,1,Lab storage,,,
265,DMM,FLUKE,179,26820270,TRUE RMS MULTIMETER,,,8.8.2016,8.8.2017,,500,2015,1,bench 15,,,
269,SCOPE,Agilent,DSAZ334A,MY54210102,Scope,,E559798,8.8.2016,8.8.2017,,"232,000",2015,1,bench 27,Sent for repair 5/5/19 ISM:1304235635,,
270,Source Meter,Agilent,B2902A,MY51141201,Source Meter,,E625087,8.8.2016,8.8.2017,,"5,000",<2015,1,bench 10,,,
271,Source Meter,Agilent,B2902A,MY51141202,Source Meter,,E625087,,,,"5,000",<2015,1,bench 17,,,
272,Source Meter,Agilent,B2902A,MY51141203,Source Meter,,,8.8.2016,8.8.2017,,"5,000",<2015,1,bench 22,,,
273,Source Meter,Agilent,B2902A,MY51141198,Source Meter,,E625087,8.8.2016,8.8.2017,,"5,000",<2015,1,bench 10,,,
274,Source Meter,Agilent,B2902A,MY51141200,Source Meter,,E625087,8.8.2016,8.8.2017,,"5,000",<2015,1,bench 5,,,
275,Source Meter,Agilent,B2902A,MY51141199,Source Meter,,,8.8.2016,8.8.2017,,"5,000",<2015,1,bench 22,,,
276,Cabels,WILDER TECHNOLOGIES,MCB,NONE,QSFP+-TPA40G-MCB-R 640-0586-000,,E605393,,,,"2,800",2015,1,Lab storage,IN STOREG ROOM 20 UNITS,,
277,Board,synthesis reaserch,679-6533-01,T05TMD,ISI Board,,,,,,"1,500",<2015,1,Lab storage,in use,,
278,Board,synthesis reaserch,679-6533-01,T05THV,ISI Board,,,,,,"1,500",<2015,1,Lab storage,in use,,
279,Board,synthesis reaserch,679-6533-01,T05THW,ISI Board,,,,,,"1,500",<2015,1,Lab storage,in use,,
280,Board,synthesis reaserch,679-6533-01,T05THX,ISI Board,,,,,,"1,500",<2015,1,Lab storage,in use,,
281,Board,synthesis reaserch,679-6533-01,T05THY,ISI Board,,,,,,"1,500",<2015,1,Lab storage,in use,,
282,Board,synthesis reaserch,679-6533-01,T01DYC,ISI Board,,,,,,"1,500",<2015,1,Lab storage,in use,,
283,Board,synthesis reaserch,679-6533-01,T021L3,ISI Board,,,,,,"1,500",<2015,1,Lab storage,in use,,
284,Board,synthesis reaserch,679-6533-01,T05THU,ISI Board,,,,,,"1,500",<2015,1,Lab storage,in use,,
285,Logic Analysis ,KEYSIGHT,16901A,MY52330114,Logic Analysis system mainframe,,E625093,8.8.2016,8.8.2017,,"5,000",<2015,1,bench 15,under warenty until 18.2.2018 - Alexei borrow it to ND Debug,,
286,Logic analysis module ,KEYSIGHT,16962A,MY50010441,"Logic analysis module, 68 channel, 2 GHz timing",,E625076,8.8.2016,8.8.2017,,"20,000",<2015,1,bench 15,,,
287,Logic Analysis ,KEYSIGHT,16901A,MY52330109,Logic Analysis system mainframe,16962a,E625084,8.8.2016,8.8.2017,,"5,000",<2015,1,bench 25,warenty until 18.2.2018 - with 16962a inside - David borrow it to ND,,
288,Logic analysis module ,KEYSIGHT,16962A,MY50010161,"Logic analysis module, 68 channel, 2 GHz timing",,E625077,8.8.2016,8.8.2017,,"20,000",<2015,1,bench 25,,,
289,Logic Analysis ,KEYSIGHT,16901A,MY52510103,Logic Analysis system mainframe,16962a,E625082,8.8.2016,8.8.2017,,"5,000",<2015,1,bench 23,warenty until 18.2.2018 - with 16962a inside,,
290,Logic analysis module ,KEYSIGHT,16962A,MY50010163,"Logic analysis module, 68 channel, 2 GHz timing",,E625078,8.8.2016,8.8.2017,,"20,000",<2015,1,bench 23,,,
291,Logic Analysis ,KEYSIGHT,16901A,MY52330125,Logic Analysis system mainframe,16962a,E625088,8.8.2016,8.8.2017,,"5,000",<2015,1,bench 11,warenty until 18.2.2018 - with 16962a inside,,
292,Logic analysis module ,KEYSIGHT,16962A,MY50010162,"Logic analysis module, 68 channel, 2 GHz timing",,E625079,8.8.2016,8.8.2017,,"20,000",<2015,1,bench 11,,,
293,THERMAL TOOL,,Medusa 3.5-8,IZMED8DP4312004,Medusa 3.5-8,,,,,,,,0,,in use,,
294,THERMAL TOOL,,MEDUSA-IV-8,GPMED8DP4494001,MEDUSA-IV-8,,,,,,,,0,,in use,,
295,ANALYZER,TEKTRONIX,BSA125C,281019,Bit error ratio Analyzer,,E559796,,,,,,0,Retired,Traded for Anritsu Bert,,
296,FUNCTION/SIGNAL,TEKTRONIX,CR12500A,170262,Variable Clock Recovery,,,,,,,,0,Retired,in use - Moved to other lab ,,
297,FUNCTION/SIGNAL,TEKTRONIX,CR12500A,170085,Variable Clock Recovery,,,,,,,,0,Retired,in use - Moved to other lab ,,
298,FUNCTION/SIGNAL,TEKTRONIX,DPP125C,B010517,12.5 Gb/s 3Tap Digital Pre-Emphasis Processor,E559796,,26.2.16,26.2.17,,,,0,Retired,"Waterfalled to MX, Chavez Cuadras, Ricardo Usiel ISM: 1304658836 ",,
299,FUNCTION/SIGNAL,TEKTRONIX,CR125A,B172044,Variable Clock Recovery,E559830,,24.3.16,24.3.17,,,,0,Retired,"Waterfalled to MX, Chavez Cuadras, Ricardo Usiel ISM: 1304658836 ",,
300,Source Meter,HP/AGILENT,E5052B,MY47402099,10 MHz to 7 GHz Signal Source Analyzer,,E605390,8.8.2016,8.8.2017,,"75,000",2015,1,Haifa,Under warenty until 31.3.2018 PO:3000937243,,
301,FUNCTION/SIGNAL,HP/AGILENT,N5232A -416,MY52221009,PNA NETWORK ANALYZER,,,8.8.2016,8.8.2017,,,,0,Retired,under warenty until 2.4.2018 - Traded for new PNA ISM:1303893570,,
302,Other,HP/AGILENT,N4433A,MY52230053,"ECal module, 300 kHz to 20 GHz",,E625086,,,,"13,000",2015,1,bench 8,Sent for calibration in Keysight 30/5/2019 ISM:1304255758 po:3000937243,,
303,Source Meter,HP/AGILENT,B2912A ,MY51140329,Precision Source/Measure Unit,,E625089,8.8.2016,8.8.2017,,"7,000",2015,1,bench 26,PO:3000937243,,
304,Source Meter,HP/AGILENT,B2912A ,MY51140333,Precision Source/Measure Unit,,E625089,8.8.2016,8.8.2017,,"7,000",2015,1,in repair,Sent to Dekel PO PO:3000937243,,
305,Source Meter,HP/AGILENT,B2912A ,MY51140334,Precision Source/Measure Unit,,E625089,8.8.2016,8.8.2017,,"7,000",2015,1,bench 27,PO:3000937243,,
306,Source Meter,HP/AGILENT,B2912A ,MY51140335,Precision Source/Measure Unit,,E625089,8.8.2016,8.8.2017,,"7,000",2015,1,in repair,Sent to Dekel PO PO:3000937243,,
307,Source Meter,HP/AGILENT,B2912A ,MY51140337,Precision Source/Measure Unit,,E625089,8.8.2016,8.8.2017,,"7,000",2015,1,bench 27,PO:3000937243,,
308,Source Meter,HP/AGILENT,B2912A ,MY51140116,Precision Source/Measure Unit,,E625089,8.8.2016,8.8.2017,,"7,000",2015,1,bench 23,repaired PO:3000937243,,
309,Source Meter,HP/AGILENT,B2912A ,MY51140136,Precision Source/Measure Unit,,E625089,8.8.2016,8.8.2017,,"7,000",2015,1,bench 5,PO:3000937243,,
310,FUNCTION/SIGNAL,HP/AGILENT,34980A ,MY53153933,Multifunction Switch/Measure Unit,,E625085,8.8.2016,8.8.2017,,"3,000",2015,1,bench 26,under warenty until 31.3.2018 PO:3000937243,,
311,Source Meter,HP/AGILENT, N5183A ,MY50143010,Precision Source/Measure Unit,,E625090,8.8.2016,8.8.2017,,"30,000",2015,1,bench 23,Under warenty until 31.3.2018 PO:3000937243,,
312,FUNCTION/SIGNAL,Noisecom,  J9022,AD674,JITTER GENERATOR ,,E559794,,,,"28,000",2015,1,bench 23,,,
313,FUNCTION/SIGNAL,Noisecom,  J9022,AD675,JITTER GENERATOR ,,E559795,,,,"28,000",2015,1,Haifa,Back from repair. ,,
314,ANALYZER,TEKTRONIX,  CR175A,B171649,Bertscope clock recovery,,,27.8.16,27.8.17,,,,0,Retired,"Waterfalled to MX, Chavez Cuadras, Ricardo Usiel ISM: 1304658836 ",,
315,ANALYZER,TEKTRONIX,  TLA7012,C040004,LOGIC ANALYZER  PORTABLE MAINFRAME,TLA7ac2,,,,,,,0,Retired,Waterfall to BA ISM:1304253661,,
316,SCOPE,TEKTRONIX,  DSA72004C  ,B110415,Scope,,E625095,,,,"62,000",<2015,1,bench 12,LUMA Installed,,
317,ANALYZER,TEKTRONIX,  TLA7012,c030184,LOGIC ANALYZER  PORTABLE MAINFRAME,tla7c3,,,,,,,0,Retired,Moved to Guy Greenwald CCD for scopes,,
318,ANALYZER,TEKTRONIX,  BSA286CL,B010004,bertscope 17.5 Gb/sBit Error Ratio Analyzer,,E559793,8.2.16,8.2.17,,,,0,Retired,"Moved to Chavez Cuadras, Ricardo U ISM #1304628760",,
319,Other,HP/AGILENT,  SP6T ,TBD,Switch Matrix,,E605391,,,,"135,000",2015,1,Storeroom,in use,,
320,Clock Gen,TEKTRONIX,CR125A,B172051,Variable Clock Recovery,,,,,,,,0,Retired,Traded for Anrtisu system  ISM:1303641277,,
321,FUNCTION/SIGNAL,TEKTRONIX,DPP125C,B010134,Variable Clock Recovery,,,22.8.16,22.8.17,,,,0,Retired,"Moved to Chavez Cuadras, Ricardo U ISM #1304628760",,
322,SCOPE,HP/AGILENT,DSAZ504A,MY55160108,Infiniium Oscilloscope: 50 GHz,,E559841,,,,"270,000",2015,1,Haifa,new not in the agreement,,
323,SCOPE,HP/AGILENT,DSAZ334A,MY55160103,Infiniium Oscilloscope: 33 GHz,,E559842,8.8.2016,8.8.2017,,,,0,Retired,new not in the agreement- LUMA Installed -  moved to K.H in Penang ISM #1304887566,,
324,Clock Gen,HOLZWORTH,HSM1001A,798,1GHZ RF SYNTHESIZER,,E605392,,,,"16,000",2015,1,Retired,new not in the agreement3001026467,,
325,Clock Gen,HOLZWORTH,HSM1001A,799,1GHZ RF SYNTHESIZER,,E605392,,,,"16,000",2015,1,Retired,new not in the agreement3001026467,,
326,Clock Gen,HOLZWORTH,HSM1001A,800,1GHZ RF SYNTHESIZER,,E605392,,,,"16,000",2015,1,Retired,Sent to Haifa - new not in the agreement3001026467,,
327,Clock Gen,HOLZWORTH,HSM1001A,794,1GHZ RF SYNTHESIZER,,E605392,,,,"16,000",2015,1,Retired,Sent to Haifa - new not in the agreement3001026467,,
328,Clock Gen,HOLZWORTH,HSM1001A,797,1GHZ RF SYNTHESIZER,,E605392,,,,"16,000",2015,1,Retired,Sent to Haifa - new not in the agreement3001026467,,
329,Clock Gen,HOLZWORTH,HSM1001A,795,1GHZ RF SYNTHESIZER,,E605392,,,,"16,000",2015,1,Retired,Sent to Haifa - new not in the agreement3001026467,,
330,Clock Gen,HOLZWORTH,HSM1001A,793,1GHZ RF SYNTHESIZER,,E605392,,,,"16,000",2015,1,Retired,Sent to Haifa - new not in the agreement3001026467,,
331,Clock Gen,HOLZWORTH,HSM1001A,792,1GHZ RF SYNTHESIZER,,E605392,,,,"16,000",2015,1,Retired,Sent to Haifa - new not in the agreement3001026467,,
332,Clock Gen,HOLZWORTH,HSM1001A,796,1GHZ RF SYNTHESIZER,,E605392,,,,"16,000",2015,1,Retired,Sent to Haifa - new not in the agreement3001026467,,
333,Clock Gen,HOLZWORTH,HSM1001A,801,1GHZ RF SYNTHESIZER,,E605392,,,,"16,000",2015,1,Retired,Sent to Haifa - new not in the agreement po:3001026467 ,,
334,Other,EXTREM NETWORKS,Summit X670,1503N-42870,Network switch,,E625080,,,,"3,500",2015,1,bench 15,PO:3001036735,,
335,PROBE,HP/AGILENT,1169A,US55012322,Keysight Probe Amplifier,,,8.8.2016,8.8.2017,,"9,000",2015,1,Lab storage,new not in the agreement,,
336,PROBE,HP/AGILENT,1169A,US55012081,Keysight Probe Amplifier,,,8.8.2016,8.8.2017,,"9,000",2015,1,Lab storage,new not in the agreement,,
337,FUNCTION/SIGNAL,TEKTRONIX,PSPL5320B,B010121,Diff Pulse Splitter - Balun,,E559840,,,,"3,000",2016,1,,in use,,
338,FUNCTION/SIGNAL,TEKTRONIX,PSPL5320B,B010118,Diff Pulse Splitter - Balun,,E559839,,,,"3,000",2016,1,,in use,,
339,FUNCTION/SIGNAL,TEKTRONIX,CR125A,170299,Variable Clock Recovery,,E559797,,,,,,0,Retired,Traded for Anritsu Bert,,
340,Other,IXIA,XGS12,XGS12-G0960032,Network Test Device,,E559815,,,,"140,000",2016,1,bench 15,in use PO:3001270084 ,,
341,SCOPE,TEKTRONIX,DPO73304DX   ,B260501,Scope,,E559816,,,,"100,000",2016,1,bench 14,in use - LUMA Installed,,
342,FUNCTION/SIGNAL,HP/AGILENT,E8527D,MY53403689,PSG Analog Signal Generator,,E559817,22.11.16,22.11.17,,"35,000",<2015,1,Storeroom,in use,,
343,FUNCTION/SIGNAL,HP/AGILENT,E8527D,MY53403688,PSG Analog Signal Generator,,E559818,22.11.16,22.11.17,,"35,000",<2015,1,Storeroom,in use,,
344,FUNCTION/SIGNAL,HP/AGILENT,N5183B,MY53271395,MXG Analog Signal Generator,,E559819,22.11.16,22.11.17,,,,0,Retired,ISM:1303610428 -  sent back to vendor for replacment ,,
345,FUNCTION/SIGNAL,HP/AGILENT,86116C,US53120440,Electrical-Optical Module ,,E559820,1.12.16,1.12.17,,,,0,Retired,ISM:1303600152 -  sent back to vendor for replacment ,,
346,Other,Synopsys,HPDX7-S6,H143075,Synopsys HAPS DX7 S6 FPGA Board,,E559821,,,,,,0,Retired,Waterfalled to K.H PG,,
347,FUNCTION/SIGNAL,TEKTRONIX,PSPL5315,B010152,Diff Balun tester,,E559822,16.12.16,16.12.17,,"2,800",2017,1,Lab storage,200001313333 PO:3001271152 WBS:C04295.IPG.37058-019204A,,
348,FUNCTION/SIGNAL,TEKTRONIX,PSPL5315,B010153,Diff Balun tester,,E559823,16.12.16,16.12.17,,"2,800",2017,1,Lab storage,200001313334 PO:3001271152 WBS:C04295.IPG.37058-019204A,,
349,FUNCTION/SIGNAL,TEKTRONIX,PSPL5315,B010155,Diff Balun tester,,E559824,16.12.16,16.12.17,,"2,800",2017,1,Lab storage,200001313335 PO:3001271152 WBS:C04295.IPG.37058-019204A,,
350,FUNCTION/SIGNAL,HP/AGILENT,E8527D,MY56440314, 31.8GHz PSG Analog Signal Generator,,E559825,8.3.17,8.3.18,,"50,000",2015,1,Haifa,in use,,
351,FUNCTION/SIGNAL,HP/AGILENT,E8527D,MY56440074,PSG Analog Signal Generator,,E559826,8.3.17,8.3.18,,"35,000",2015,1,Haifa,in use,,
352,Other,Synopsys,HPDX7-S6,H180353,Synopsys HAPS DX7 S6 FPGA Board,,E559833,,,,,,0,Retired,Waterfalled to K.H PG,,
353,Other,Synopsys,HPDX7-S6,H180356,Synopsys HAPS DX7 S6 FPGA Board,,E559834,,,,,,0,Retired,Waterfalled to K.H PG,,
354,FUNCTION/SIGNAL,Anritsu,MP1900A,6261783371,Bert system,,E559835,,,,"300,000",2017,1,bench 15,in use PO:3001457991,,
355,ANALYZER,HP/AGILENT,N5227B,US57180239, 67Ghz PNA NETWORK ANALYZER,,E605383,1.11.2017,1.11.2018,10.12.215.134,"210,000",2017,1,bench 8,Sent to Keusight for repair 23/6/20 ISM:1304575471,,
356,PROBE,HP/AGILENT,N7015A,US57220107,Type C High Speed Fixture ,,,,,,,,0,Retired,"transferred to CCD, ISM:1304247064 Sudman Shay  WWID 11528732",,
357,PROBE,HP/AGILENT,N7015A,US57220105,Type C High Speed Fixture ,,,,,,,,0,Retired,"transferred to CCD, ISM:1304247064 Sudman Shay  WWID 11528732",,
358,PROBE,HP/AGILENT,N7015A,US55440217,Type C High Speed Fixture ,,,,,,,,0,Retired,"transferred to CCD, ISM:1304247064 Sudman Shay  WWID 11528732",,
359,FUNCTION/SIGNAL,Anritsu,MP1900A,6261788375,Bert system,,E605388,,,,"535,000",2018,1,in repair,in use PO:3001266602,,
360,FUNCTION/SIGNAL,TEKTRONIX,PSPL5320B,B010177,Diff Balun tester,,E605400,,,,3000,2017,1,Haifa,in use,,
361,Other,HP/AGILENT,N4694D,MY57450047,"ECal Module, 10 MHz to 67 GHz, 1.85 mm, 2-por",,E605384,,,,"15,000",2017,1,bench 8,in use MY52230555,,
362,Other,HP/AGILENT,85058E,MY53400140,"Economy Mechanical Calibration Kit, DC to 67 GHz, 1.85 mm",,E605385,,,,"10,000",2017,1,bench 8,in use,,
363,FUNCTION/SIGNAL,Noisecom,J9027,AE194,Noisecome J9027 Noise Generator,,,,,,"45,000",2015,1,Haifa,in use,,
364,FUNCTION/SIGNAL,Noisecom,UFX7115A,AE207,Noisecome UFX7115A Prog. Noise generator,,,,,,"25,000",2015,1,Haifa,in use,,
365,FUNCTION/SIGNAL,HP/AGILENT/KEYSIGHT,33600A,MY53801328,Keysight 33600A Wave form generator ,,,,,,,,0,Retired,Moved to PG12 ISM #1304622014,,
366,FUNCTION/SIGNAL,HP/AGILENT/KEYSIGHT,16901A,MY50010182,Keysight Logic analyzer 16901A,16902 MY50010329,E588838,,,,"25,000",2015,1,Haifa,in use,,
367,SCOPE,HP/AGILENT/KEYSIGHT,DCA-X 86100D,MY57270144,Sampling scope,86108B,E588839,,,,,,0,Retired,Waterfalled to BA ISM:1304279477 Asset:200001534383 ,,
368,FUNCTION/SIGNAL,HP/AGILENT/KEYSIGHT,M8020A,MY54300685,JBERT,M8062A M8041A,E559837,,,,,,0,Retired,Moved to MIG PG2 for K.H ISM:1304589594,,
369,POWER SUPPLY,HP/AGILENT/KEYSIGHT,E3631A,MY50290059,6A 25V POWER SUPPLY - DUAL,,E552994,,,,700,2015,1,Haifa,in use,,
370,POWER SUPPLY,HP/AGILENT/KEYSIGHT,E3631A,MY52460031,6A 25V POWER SUPPLY - DUAL,,E535200,,,,700,2015,1,Haifa,in use,,
371,POWER SUPPLY,HP/AGILENT/KEYSIGHT,E3644,MY55406239,8A 20V POWER SUPPLY,,,,,,"1,000",2015,1,Haifa,in use,,
372,POWER SUPPLY,HP/AGILENT/KEYSIGHT,E3644,MY55396362,8A 20V POWER SUPPLY,,,,,,"1,000",2015,1,Haifa,in use,,
373,POWER SUPPLY,HP/AGILENT/KEYSIGHT,E3644,MY55406238,8A 20V POWER SUPPLY,,,,,,"1,000",2015,1,Haifa,in use,,
374,FUNCTION/SIGNAL,HP/AGILENT/KEYSIGHT,N5171B,MY56200369,EXG ANALOG SIGNAL GENERATOR,,E594352,,,,"7,000",2016,1,Storeroom,in use,,
375,FUNCTION/SIGNAL,HP/AGILENT/KEYSIGHT,E8527D,MY48050167, 20GHz PSG Analog Signal Generator,,E482613,,,,"20,000",<2015,1,bench 22,in use -  Sent to Haifa foe FIB (Ynon/Gil) - ISM #1304180892,,
376,FUNCTION/SIGNAL,HP/AGILENT/KEYSIGHT,E8527D,MY58040183, 31.5GHz PSG Analog Signal Generator,,E605386,,,,"50,000",2016,1,Haifa,in use,,
377,FUNCTION/SIGNAL,HP/AGILENT/KEYSIGHT,E8527D,MY58040184, 31.5GHz PSG Analog Signal Generator,,E605387,,,,"50,000",2016,1,Haifa,in use,,
378,SCOPE,HP/AGILENT/KEYSIGHT,DSOX3034T,MY58262834,4 CHANNEL 350MHz OSCILLOSCOPE,,,31.12.2018,31.12.2019,,"12,000",2016,1,bench 25,in use,,
379,SCOPE,HP/AGILENT/KEYSIGHT,DSOX3034T,MY58262830,4 CHANNEL 350MHz OSCILLOSCOPE,,,31.12.2018,31.12.2019,,"12,000",2016,1,Haifa,in use,,
380,SCOPE,HP/AGILENT,DSA-X 93304Q,MY54410106,Infiniium Oscilloscope: 33 GHz,,,,,10.12.215.216,,,0,Retired,Waterfalled to PG ISM:1304996712,,
381,SCOPE,HP/AGILENT,DSA-X 93304Q,MY54410107, Infiniium Oscilloscope: 63 GHz,,,,,10.12.215.216,"165,000",2016,1,bench 28,in use,,
382,ANALYZER,ROHDE&SCHWARZ,FSWP50,101334,Phase Noise Analyzer 50GHz,,E625046,11.7.2019,11.7.2020,,"135,000",2020,1,in repair,in use,,
383,Source Meter,KITHLEY,2420,1369095,Precision Source/Measure Unit,,E512453,,,,"3,000",<2015,1,Haifa,"in use Sent from Lamb, Bryce Folsom",,
384,Source Meter,KITHLEY,2420,1369106,Precision Source/Measure Unit,,E512454,,,,"3,000",<2015,1,bench 30,"in use Sent from Lamb, Bryce Folsom",,
385,Source Meter,KITHLEY,2420,729525,Precision Source/Measure Unit,,E512460,,,,"3,000",<2015,1,bench 30,"in use Sent from Lamb, Bryce Folsom",,
386,Source Meter,KITHLEY,2420,729534,Precision Source/Measure Unit,,E512461,,,,"3,000",<2015,1,bench 30,"in use Sent from Lamb, Bryce Folsom",,
387,FUNCTION/SIGNAL,TTI,TGF4242,517584,"ARBITRARY/FUNCTION/PULSE GEN, 240MHZ",,,,,,1400,2019,1,Haifa,in use,,
388,FUNCTION/SIGNAL,TTI,TGF4242,517585,"ARBITRARY/FUNCTION/PULSE GEN, 240MHZ",,,,,,1400,2019,1,bench 30,in use,,
389,FUNCTION/SIGNAL,TTI,TGF4242,517587,"ARBITRARY/FUNCTION/PULSE GEN, 240MHZ",,,,,,1400,2019,1,bench 30,in use,,
390,FUNCTION/SIGNAL,TTI,TGF4242,517588,"ARBITRARY/FUNCTION/PULSE GEN, 240MHZ",,,,,,1400,2019,1,bench 30,in use,,
391,FUNCTION/SIGNAL,TTI,TGF4242,517589,"ARBITRARY/FUNCTION/PULSE GEN, 240MHZ",,,,,,1400,2019,1,bench 30,in use,,
392,FUNCTION/SIGNAL,TTI,TGF4242,515637,"ARBITRARY/FUNCTION/PULSE GEN, 240MHZ",,,,,,1400,2019,1,Haifa,in use,,
393,FUNCTION/SIGNAL,TTI,TGF4242,515639,"ARBITRARY/FUNCTION/PULSE GEN, 240MHZ",,,,,,1400,2019,1,Haifa,in use,,
394,FUNCTION/SIGNAL,TTI,TGF4242,513143,"ARBITRARY/FUNCTION/PULSE GEN, 240MHZ",,,,,,1400,2019,1,Haifa,in use,,
395,FUNCTION/SIGNAL,TTI,TGF4242,,"ARBITRARY/FUNCTION/PULSE GEN, 240MHZ",,,,,,1400,2019,1,bench 22,in use,,
396,FUNCTION/SIGNAL,TTI,TGF4242,,"ARBITRARY/FUNCTION/PULSE GEN, 240MHZ",,,,,,1400,2019,1,bench 23,in use,,
397,FUNCTION/SIGNAL,TTI,TGF4242,,"ARBITRARY/FUNCTION/PULSE GEN, 240MHZ",,,,,,1400,2019,1,Storeroom,in use,,
398,FUNCTION/SIGNAL,TTI,TGF4242,,"ARBITRARY/FUNCTION/PULSE GEN, 240MHZ",,,,,,1400,2019,1,Storeroom,in use,,
399,FUNCTION/SIGNAL,INSTEK,MFG-2260MRA,GES912214,"ARBITRARY/FUNCTION/PULSE GEN, 320MHZ",,,,,,1500,2019,1,Haifa,in use,,
400,FUNCTION/SIGNAL,INSTEK,MFG-2260MRA,GES912209,"ARBITRARY/FUNCTION/PULSE GEN, 320MHZ",,,,,,1500,2019,1,Haifa,in use,,
401,FUNCTION/SIGNAL,INSTEK,MFG-2260MRA,,"ARBITRARY/FUNCTION/PULSE GEN, 320MHZ",,,,,,1500,2019,1,bench 30,in use,,
402,FUNCTION/SIGNAL,INSTEK,MFG-2260MRA,,"ARBITRARY/FUNCTION/PULSE GEN, 320MHZ",,,,,,1500,2019,1,bench 30,in use,,
403,FUNCTION/SIGNAL,INSTEK,MFG-2260MRA,,"ARBITRARY/FUNCTION/PULSE GEN, 320MHZ",,,,,,1500,2019,1,bench 30,in use,,
404,FUNCTION/SIGNAL,HP/AGILENT/KEYSIGHT,E8527D,MY58460294,67GHz PSG Analog Signal Generator,,E625047,,,1,"95,000",2019,1,bench 29,in use,,
405,FUNCTION/SIGNAL,HP/AGILENT/KEYSIGHT,DAC10002,113,112G PAM4 AWG ,,E625048,,,1,"145,000",2019,1,Storeroom,in use 200001597291,,
406,FUNCTION/SIGNAL,Anritsu,MU196040B,6262081217,116G PAM4  Error detector Module,,E625049,,,,"150,000",2020,1,bench 30,in use 200001650235 PO:3001880353,,
407,FUNCTION/SIGNAL,Noisecom,J9071,AJ305,Noisecom Jitter Generator ,,E625050,,,,"135,000",2020,1,bench 30,in use 2000016,,
408,FUNCTION/SIGNAL,HP/AGILENT/KEYSIGHT,E8527D,MY60020317,PSG analog signal generator (67GHz),,E625051,,,,"100,000",2020,1,bench 30,in use 2000016,,
409,SCOPE,HP/AGILENT/KEYSIGHT,N1000A,MY59280370,85GHz Sampling scope ,N1060A,E625052,,,,"235,000",2020,1,Haifa,in use 2000016 - Warenty until 1/2024,,
410,FUNCTION/SIGNAL,HP/AGILENT/KEYSIGHT,M8199A,DE60C00120,ARBITRARY WAVE GEN112GBAUD M8199A,,E625053,,,,"383,000",2021,1,bench 8,in use 200001695381 - Warenty until 2/2024,,
436,SCOPE,HP/AGILENT/KEYSIGHT,N1000A,MY61340115,85GHz Sampling scope ,N1060A,E625055,,,,"235,000",2021,1,bench 20,in use 2000016               PO:3002094999 - Warenty until 3/2025,,
411,Other,ARTEK,CLE-1200,12521163,67GHz Varilible ISI ,,E625056,,,,"28,000",2022,1,Haifa,in use                                PO:3002158997,,
437,SCOPE,HP/AGILENT/KEYSIGHT,UXR1104A,MY59450111,INFINIIUM UXR REAL-TIME SCOPE UXR1104A,,E625054,,,,"1,300,000",2021,1,bench 20,in use 200001695808 - Warenty until 3/2024,,
412,Other,ARTEK,CLE-1200,12321163,67GHz Varilible ISI ,,E625057,,,,"28,000",2022,1,bench 15,in use                                PO:3002158997,,
413,Other,ARTEK,CLE-1200,12421163,67GHz Varilible ISI ,,E625058,,,,"28,000",2022,1,bench 16,in use                                PO:3002158997,,
414,ANALYZER,ROHDE&SCHWARZ,FSWP50,,Phase Noise Analyzer 50GHz,,E625059,10.3.2022,,,"138,000",2022,1,bench 3,in use                               PO:3002157615,,
415,Other,HP/AGILENT/KEYSIGHT,L8990M-0G6,US61040001,70GHz 0G6 Custom Modular Switch Matrix ,,E625060,,,,"34,000",2021,1,bench 28,in use,,
416,Other,HP/AGILENT/KEYSIGHT,L8990M-0G6,US61040002,70GHz 0G6 Custom Modular Switch Matrix ,,E625061,,,,"34,000",2021,1,bench 28,in use,,
417,Other,HP/AGILENT/KEYSIGHT,L8990M-0G6,US61040003,70GHz 0G6 Custom Modular Switch Matrix ,,E625062,,,,"34,000",2021,1,bench 28,in use,,
418,Other,HP/AGILENT/KEYSIGHT,L8990M-0G6,US61040005,70GHz 0G6 Custom Modular Switch Matrix ,,E625063,,,,"34,000",2021,1,bench 28,in use,,
419,Other,HP/AGILENT/KEYSIGHT,L8990M-0G6,US61040006,70GHz 0G6 Custom Modular Switch Matrix ,,E625064,,,,"34,000",2021,1,bench 2,in use,,
420,SCOPE,HP/AGILENT/KEYSIGHT,UXR0594AP,MY62120101,INFINIIUM UXR REAL-TIME SCOPE UXR0594AP (70GHz),,E625065,,,1,"585,000",2022,1,Haifa,in use - Warenty until 5/2025,,
421,ANALYZER,HP/AGILENT,E5061B,MY49811997, 5Hz-3GHz ENA NETWORK ANALYZER,,E625066,,,1,40000,2022,1,Scondery Lab,in use  - ,,
422,FUNCTION/SIGNAL,Anritsu,MG3697C,221801, 70GHz Analog Signal Generator,,E625067,,,1,"76,000",2022,1,bench 18,in use PO:3002159447,,
423,FUNCTION/SIGNAL,Noisecom,J9082,AK848,Noisecome J9082 Noise Generator,,E625068,,,1,"145,000",2022,1,bench 20,in use PO:3002174085,,
424,FUNCTION/SIGNAL,Noisecom,J9082,AK849,Noisecome J9082 Noise Generator,,E625069,,,,"145,000",2022,1,bench 25,in use PO:3002174085,,
425,FUNCTION/SIGNAL,HP/AGILENT/KEYSIGHT,M8050A,MY62800202,M8050A High-Performance BERT 120 Gbaud,M8042A,E625070,,,,"517,000",2022,1,bench 22,in use - M8042A MY62800202 PO:3002200922 Warenty until 9/2025,,
426,THERMAL TOOL,Thermotron,S-4-8200,53060,Test chamber ,,E625071,,,,"34,000",2022,1,bench 13,in use,,
427,THERMAL TOOL,Intel,K87057-001,23021202,Samson Thermal controler ,,E625072,,,,16000,2023,1,Storeroom,in use,,
428,THERMAL TOOL,Intel,K87057-001,23021203,Samson Thermal controler ,,E625073,,,,"16,000",2023,1,bench 14,in use,,
429,Other,ARTEK,CLE-1200,16622129,67GHz Varilible ISI ,,E625074,,,,"30,000",2024,1,bench 20,in use                                PO:3002281302,,
430,Other,ARTEK,CLE-1200,16722129,67GHz Varilible ISI ,,E625075,,,,"30,000",2024,1,bench 20,in use                                PO:3002281302,,
431,Other,OTHER,BIG SMARK 200F,LS0015665,Fiber marking laser,,E625076,,,,"70,000",2022,1,Scondery Lab,in use     Asset: 200001782295-0000                 PO:3002199207,,
432,Other,OTHER,TS-600,SCP22PRSP139-1,Pico Probing station,,E625077,,,,"186,000",2023,1,Scondery Lab,in use     Asset: -0000                 PO:3002287519,,
433,FUNCTION/SIGNAL,ROHDE&SCHWARZ,SMA100B,,67GHz Sine Generetor,,E6,,,,"110,000",2023,1,bench 6,in use     Asset: -0000                 PO:3002289229,,
434,ANALYZER,HP/AGILENT,N5224B,, 110Ghz PNA NETWORK ANALYZER,N5292A,E6,,,1,"510,000",2023,1,Scondery Lab,in use     Asset: -0000                 PO:300,,
435,FUNCTION/SIGNAL,HP/AGILENT/KEYSIGHT,M8040A,TW58110131,M8040A High-Performance BERT 64 Gbaud,M8045A,e6,,,,"450,000",2021,1,in repair,in use ,,
